{
  "epoch": 0,
  "timestamp": "2025-09-02T03:59:42.778481",
  "statistics": {
    "kl_div": {
      "mean": 0.17035236397534123,
      "std": 0.280621586696151,
      "min": 0.007651953315312349,
      "max": 1.0,
      "trend": "increasing"
    },
    "policy_loss": {
      "mean": 0.6893568844194278,
      "std": 0.44712756208664894,
      "min": 0.3588184126540984,
      "max": 2.0,
      "trend": "increasing"
    },
    "value_loss": {
      "mean": 0.31148217343434087,
      "std": 0.05591169166860121,
      "min": 0.2400507837789135,
      "max": 0.44417489178588565,
      "trend": "stable"
    },
    "reward": {
      "mean": 2.1156495034545815,
      "std": 0.433724688539277,
      "min": 1.4322634640122034,
      "max": 2.642704782811072,
      "trend": "decreasing"
    },
    "clip_ratio": {
      "mean": 0.2144833305047758,
      "std": 0.05732011031971698,
      "min": 0.12505873620378372,
      "max": 0.31110837541331443,
      "trend": "stable"
    }
  }
}