stage,wall_time_ms,cpu_mem_mb,cuda_mem_mb_peak,tokens,batch_size,seq_len,step,count
rollout,55.65142631530762,21.50390625,0.0,,,,0,1
kl_penalty_calc,5.825996398925781,9.984375,0.0,,,,0,1
ppo_update,1.7619132995605469,1.06640625,0.0,,,,0,1
reward_scoring,0.3414154052734375,0.0,0.0,,,,0,1
eval_step,0.09322166442871094,0.0,0.0,,,,0,1
gae_calc,0.016450881958007812,0.0,0.0,,,,0,1
