stage,wall_time_ms,cpu_mem_mb,cuda_mem_mb_peak,tokens,batch_size,seq_len,step,count
rollout,285.80522537231445,27.125,0.0,,,,0,1
kl_penalty_calc,42.670488357543945,10.2421875,0.0,,,,0,1
ppo_update,6.953001022338867,1.625,0.0,,,,0,1
reward_scoring,1.5473365783691406,0.0,0.0,,,,0,1
eval_step,0.5035400390625,0.0,0.0,,,,0,1
gae_calc,0.04673004150390625,0.0,0.0,,,,0,1
