{
  "epoch": 0,
  "timestamp": "2025-09-02T03:58:49.651514",
  "statistics": {
    "kl_div": {
      "mean": 0.26,
      "std": 0.2745906043549196,
      "min": 0.05,
      "max": 0.8,
      "trend": "decreasing"
    },
    "policy_loss": {
      "mean": 0.4,
      "std": 0.1788854381999832,
      "min": 0.1,
      "max": 0.6,
      "trend": "decreasing"
    },
    "value_loss": {
      "mean": 0.43999999999999995,
      "std": 0.2870540018881465,
      "min": 0.2,
      "max": 1.0,
      "trend": "increasing"
    },
    "reward": {
      "mean": 1.9775996834324772,
      "std": 0.2734001268960962,
      "min": 1.7050594475644183,
      "max": 2.3473488562375757,
      "trend": "increasing"
    },
    "clip_ratio": {
      "mean": 0.1845870365085132,
      "std": 0.01658882936276984,
      "min": 0.16521392268366458,
      "max": 0.2108999128617758,
      "trend": "stable"
    }
  }
}